https://www.powercolor.com/product-detail231.htm	Red Devil Spectral White AMD Radeon™ RX 9070 XT 16GB GDDR6∣PowerColor
https://www.powercolor.com/product-detail208.htm	PowerColor ALPHYN AH10 Wireless Gaming Headset∣PowerColor
https://www.powercolor.com/product-detail34.htm	Hellhound Sakura AMD Radeon™ RX 7800 XT 16GB GDDR6 Limited Edition∣PowerColor
https://www.powercolor.com/product-detail219.htm	Red Devil AMD Radeon™ RX 9070 XT 16GB GDDR6 Limited Edition∣PowerColor
https://www.powercolor.com/product-detail210.htm	Red Devil AMD Radeon™ RX 9070 XT 16GB GDDR6∣PowerColor
https://www.powercolor.com/product-detail232.htm	Hellhound Spectral White AMD Radeon™ RX 9070 XT 16GB GDDR6∣PowerColor
https://www.powercolor.com/product-detail211.htm	Hellhound AMD Radeon™ RX 9070 XT 16GB GDDR6∣PowerColor
https://www.powercolor.com/product-detail212.htm	Reaper AMD Radeon™ RX 9070 XT 16GB GDDR6∣PowerColor
https://www.powercolor.com/product-detail213.htm	Red Devil AMD Radeon™ RX 9070 16GB GDDR6∣PowerColor
https://www.powercolor.com/product-detail214.htm	Hellhound AMD Radeon™ RX 9070 16GB GDDR6∣PowerColor
https://www.powercolor.com/product-detail215.htm	Reaper AMD Radeon™ RX 9070 16GB GDDR6∣PowerColor
https://www.powercolor.com/product-detail106.htm	Red Devil AMD Radeon™ RX 7900 XTX 24GB GDDR6 Limited Edition∣PowerColor
https://www.powercolor.com/product-detail71.htm	Red Devil AMD Radeon™ RX 7900 XTX 24GB GDDR6∣PowerColor
https://www.powercolor.com/product-detail64.htm	Liquid Devil AMD Radeon™ RX 7900 XTX 24GB GDDR6∣PowerColor
https://www.powercolor.com/product-detail72.htm	Hellhound AMD Radeon™ RX 7900 XTX 24GB GDDR6∣PowerColor
https://www.powercolor.com/product-detail63.htm	Hellhound Spectral White AMD Radeon™ RX 7900 XTX 24GB GDDR6∣PowerColor
https://www.powercolor.com/product-detail73.htm	AMD Radeon™ RX 7900 XTX 24GB GDDR6∣PowerColor
https://www.powercolor.com/product-detail183.htm	Red Devil AMD Radeon™ RX 7900 GRE 16GB GDDR6∣PowerColor
https://www.powercolor.com/product-detail185.htm	Hellhound AMD Radeon™ RX 7900 GRE 16GB GDDR6∣PowerColor
https://www.powercolor.com/product-detail186.htm	Fighter AMD Radeon™ RX 7900 GRE 16GB GDDR6∣PowerColor
https://www.powercolor.com/product-detail115.htm	Red Devil AMD Radeon™ RX 7900 XT 20GB GDDR6∣PowerColor
https://www.powercolor.com/product-detail120.htm	Hellhound AMD Radeon™ RX 7900 XT 20GB GDDR6∣PowerColor
https://www.powercolor.com/product-detail75.htm	Hellhound Spectral White AMD Radeon™ RX 7900 XT 20GB GDDR6∣PowerColor
https://www.powercolor.com/product-detail122.htm	AMD Radeon™ RX 7900 XT 20GB GDDR6∣PowerColor
https://www.powercolor.com/product-detail39.htm	Red Devil AMD Radeon™ RX 7800 XT 16GB GDDR6 Limited Edition∣PowerColor
https://www.powercolor.com/product-detail32.htm	Red Devil AMD Radeon™ RX 7800 XT 16GB GDDR6∣PowerColor
https://www.powercolor.com/product-detail35.htm	Hellhound Sakura AMD Radeon™ RX 7800 XT 16GB GDDR6∣PowerColor
https://www.powercolor.com/product-detail36.htm	Hellhound Spectral White AMD Radeon™ RX 7800 XT 16GB GDDR6∣PowerColor
https://www.powercolor.com/product-detail31.htm	Hellhound AMD Radeon™ RX 7800 XT 16GB GDDR6∣PowerColor
https://www.powercolor.com/product-detail33.htm	Fighter AMD Radeon™ RX 7800 XT 16GB GDDR6∣PowerColor
https://www.powercolor.com/product-detail38.htm	PowerColor AMD Radeon™ RX 7800 XT 16GB GDDR6∣PowerColor
https://www.powercolor.com/product-detail40.htm	Red Devil AMD Radeon™ RX 7700 XT 12GB GDDR6∣PowerColor
https://www.powercolor.com/product-detail41.htm	Hellhound AMD Radeon™ RX 7700 XT 12GB GDDR6∣PowerColor
https://www.powercolor.com/product-detail42.htm	Fighter AMD Radeon™ RX 7700 XT 12GB GDDR6∣PowerColor
https://www.powercolor.com/product-detail45.htm	PowerColor Spectral White AMD Radeon™ RX 7700 XT 12GB GDDR6∣PowerColor
https://www.powercolor.com/product-detail44.htm	PowerColor AMD Radeon™ RX 7700 XT 12GB GDDR6∣PowerColor
https://www.powercolor.com/product-detail109.htm	Hellhound AMD Radeon™ RX 7600 XT 16GB GDDR6∣PowerColor
https://www.powercolor.com/product-detail107.htm	Fighter AMD Radeon™ RX 7600 XT 16GB GDDR6∣PowerColor
https://www.powercolor.com/product-detail112.htm	Hellhound AMD Radeon™ RX 7600 8GB GDDR6∣PowerColor
https://www.powercolor.com/product-detail110.htm	Fighter AMD Radeon™ RX 7600 8GB GDDR6∣PowerColor
https://www.powercolor.com/product-detail125.htm	Red Devil AMD Radeon™ RX 6950 XT 16GB GDDR6∣PowerColor
https://www.powercolor.com/product-detail113.htm	Liquid Devil AMD Radeon™ RX 6950 XT 16GB GDDR6∣PowerColor
https://www.powercolor.com/product-detail111.htm	PowerColor AMD Radeon™ RX 6950 XT 16GB GDDR6∣PowerColor
https://www.powercolor.com/product-detail171.htm	Liquid Devil AMD Radeon™ RX 6900 XT Ultimate 16GB GDDR6∣PowerColor
https://www.powercolor.com/product-detail173.htm	Liquid Devil AMD Radeon™ RX 6900 XT 16GB GDDR6∣PowerColor
https://www.powercolor.com/product-detail172.htm	Red Devil AMD Radeon™ RX 6900 XT Ultimate 16GB GDDR6∣PowerColor
https://www.powercolor.com/product-detail174.htm	Red Devil AMD Radeon™ RX 6900 XT 16GB GDDR6 Limited Edition∣PowerColor
https://www.powercolor.com/product-detail175.htm	Red Devil AMD Radeon™ RX 6900 XT 16GB GDDR6∣PowerColor
https://www.powercolor.com/product-detail176.htm	PowerColor AMD Radeon™ RX 6900 XT 16GB GDDR6∣PowerColor
https://www.powercolor.com/product-detail195.htm	Liquid Devil AMD Radeon™ RX 6800 XT 16GB GDDR6∣PowerColor
https://www.powercolor.com/product-detail194.htm	Red Devil AMD Radeon™ RX 6800 XT 16GB GDDR6 Limited Edition∣PowerColor
https://www.powercolor.com/product-detail193.htm	Red Devil AMD Radeon™ RX 6800 XT 16GB GDDR6∣PowerColor
https://www.powercolor.com/product-detail192.htm	Red Dragon AMD Radeon™ RX 6800 XT 16GB GDDR6∣PowerColor
https://www.powercolor.com/product-detail191.htm	PowerColor AMD Radeon™ RX 6800 XT 16GB GDDR6∣PowerColor
https://www.powercolor.com/product-detail181.htm	Red Devil AMD Radeon™ RX 6800 16GB GDDR6 Limited Edition∣PowerColor
https://www.powercolor.com/product-detail180.htm	Red Devil AMD Radeon™ RX 6800 16GB GDDR6∣PowerColor
https://www.powercolor.com/product-detail179.htm	Red Dragon AMD Radeon™ RX 6800 16GB GDDR6∣PowerColor
https://www.powercolor.com/product-detail178.htm	Fighter AMD Radeon™ RX 6800 16GB GDDR6∣PowerColor
https://www.powercolor.com/product-detail177.htm	PowerColor AMD Radeon™ RX 6800 16GB GDDR6∣PowerColor
https://www.powercolor.com/product-detail133.htm	Red Devil AMD Radeon™ RX 6750 XT 12GB GDDR6∣PowerColor
https://www.powercolor.com/product-detail128.htm	Fighter AMD Radeon™ RX 6750 XT 12GB GDDR6∣PowerColor
https://www.powercolor.com/product-detail66.htm	Red Devil AMD Radeon™ RX 6700 XT 12GB GDDR6∣PowerColor
https://www.powercolor.com/product-detail65.htm	Hellhound Spectral White AMD Radeon™ RX 6700 XT 12GB GDDR6∣PowerColor
https://www.powercolor.com/product-detail67.htm	Hellhound AMD Radeon™ RX 6700 XT 12GB GDDR6∣PowerColor
https://www.powercolor.com/product-detail69.htm	Fighter AMD Radeon™ RX 6700 XT 12GB GDDR6∣PowerColor
https://www.powercolor.com/product-detail70.htm	PowerColor AMD Radeon™ RX 6700 XT 12GB GDDR6∣PowerColor
https://www.powercolor.com/product-detail119.htm	Fighter AMD Radeon™ RX 6700 10GB GDDR6∣PowerColor
https://www.powercolor.com/product-detail29.htm	Red Devil AMD Radeon™ RX 6650 XT 8GB GDDR6∣PowerColor
https://www.powercolor.com/product-detail27.htm	Hellhound Spectral White AMD Radeon™ RX 6650 XT 8GB GDDR6∣PowerColor
https://www.powercolor.com/product-detail26.htm	Hellhound Sakura AMD Radeon™ RX 6650 XT 8GB GDDR6∣PowerColor
https://www.powercolor.com/product-detail28.htm	Hellhound AMD Radeon™ RX 6650 XT 8GB GDDR6∣PowerColor
https://www.powercolor.com/product-detail25.htm	Fighter AMD Radeon™ RX 6650 XT 8GB GDDR6∣PowerColor
https://www.powercolor.com/product-detail196.htm	Red Devil AMD Radeon™ RX 6600 XT 8GB GDDR6∣PowerColor
https://www.powercolor.com/product-detail197.htm	Hellhound AMD Radeon™ RX 6600 XT 8GB GDDR6∣PowerColor
https://www.powercolor.com/product-detail198.htm	Fighter AMD Radeon™ RX 6600 XT 8GB GDDR6∣PowerColor
https://www.powercolor.com/product-detail24.htm	Hellhound AMD Radeon™ RX 6600 8GB GDDR6∣PowerColor
https://www.powercolor.com/product-detail23.htm	Fighter AMD Radeon™ RX 6600 8GB GDDR6∣PowerColor
https://www.powercolor.com/product-detail47.htm	Fighter AMD Radeon™ RX 6500 XT 8GB GDDR6∣PowerColor
https://www.powercolor.com/product-detail48.htm	Fighter AMD Radeon™ RX 6500 XT 4GB GDDR6∣PowerColor
https://www.powercolor.com/product-detail49.htm	PowerColor AMD Radeon™ RX 6500 XT ITX 4GB GDDR6∣PowerColor
https://www.powercolor.com/product-detail225.htm	Fighter AMD Radeon™ RX 6500 XT 4GB GDDR6 V3∣PowerColor
https://www.powercolor.com/product-detail50.htm	PowerColor AMD Radeon™ RX 6400 ITX 4GB GDDR6∣PowerColor
https://www.powercolor.com/product-detail51.htm	PowerColor AMD Radeon™ RX 6400 Low Profile 4GB GDDR6∣PowerColor
https://www.powercolor.com/product-detail77.htm	PowerColor Red Devil Radeon™ RX 5700 XT (Limited Edition) 8GB GDDR6∣PowerColor
https://www.powercolor.com/product-detail78.htm	PowerColor Red Devil Radeon™ RX 5700 XT 8GB GDDR6∣PowerColor
https://www.powercolor.com/product-detail79.htm	PowerColor Red Dragon Radeon™ RX 5700 XT 8GB GDDR6∣PowerColor
https://www.powercolor.com/product-detail76.htm	PowerColor Liquid Devil Radeon™ RX 5700 XT 8GB GDDR6∣PowerColor
https://www.powercolor.com/product-detail81.htm	PowerColor Radeon™ RX 5700 XT 8GB GDDR6∣PowerColor
https://www.powercolor.com/product-detail80.htm	PowerColor Radeon™ RX 5700 XT 8GB GDDR6∣PowerColor
https://www.powercolor.com/product-detail82.htm	PowerColor Red Devil Radeon™ RX 5700 8GB GDDR6∣PowerColor
https://www.powercolor.com/product-detail83.htm	PowerColor Red Dragon Radeon™ RX 5700 8GB GDDR6∣PowerColor
https://www.powercolor.com/product-detail86.htm	PowerColor Radeon™ RX 5700 8GB GDDR6∣PowerColor
https://www.powercolor.com/product-detail84.htm	PowerColor Radeon™ RX 5700 8GB GDDR6∣PowerColor
https://www.powercolor.com/product-detail85.htm	PowerColor Radeon™ RX 5700 ITX 8GB GDDR6∣PowerColor
https://www.powercolor.com/product-detail87.htm	PowerColor Red Devil Radeon™ RX 5600 XT 6GB GDDR6∣PowerColor
https://www.powercolor.com/product-detail88.htm	PowerColor Red Dragon Radeon™ RX 5600 XT 6GB GDDR6∣PowerColor
https://www.powercolor.com/product-detail91.htm	PowerColor Radeon™ RX 5600 XT 6GB GDDR6-14∣PowerColor
https://www.powercolor.com/product-detail89.htm	PowerColor Radeon™ RX 5600 XT 6GB GDDR6∣PowerColor
https://www.powercolor.com/product-detail90.htm	PowerColor Radeon™ RX 5600 XT ITX∣PowerColor
https://www.powercolor.com/product-detail92.htm	PowerColor Red Dragon Radeon™ RX 5500 XT∣PowerColor
https://www.powercolor.com/product-detail96.htm	PowerColor Radeon™ RX 5500 XT∣PowerColor
https://www.powercolor.com/product-detail95.htm	PowerColor Radeon™ RX 5500 XT∣PowerColor
https://www.powercolor.com/product-detail94.htm	PowerColor Radeon™ RX 5500 XT∣PowerColor
https://www.powercolor.com/product-detail93.htm	PowerColor Radeon™ RX 5500 XT∣PowerColor
https://www.powercolor.com/product-detail114.htm	PowerColor Red Devil Radeon™ RX 590 8GB GDDR5∣PowerColor
https://www.powercolor.com/product-detail105.htm	PowerColor Red Devil Radeon™ RX 590 8GB GDDR5∣PowerColor
https://www.powercolor.com/product-detail116.htm	PowerColor Red Dragon Radeon™ RX 590 8GB GDDR5∣PowerColor
https://www.powercolor.com/product-detail121.htm	PowerColor Red Devil Radeon™ RX 580 8GB GDDR5 Golden∣PowerColor
https://www.powercolor.com/product-detail123.htm	PowerColor Red Devil Radeon™ RX 580 8GB GDDR5∣PowerColor
https://www.powercolor.com/product-detail131.htm	PowerColor Red Dragon Radeon™ RX 580 8GB GDDR5∣PowerColor
https://www.powercolor.com/product-detail129.htm	PowerColor Red Dragon Radeon™ RX 580 8GB GDDR5∣PowerColor
https://www.powercolor.com/product-detail127.htm	PowerColor Red Dragon Radeon™ RX 580 8GB GDDR5∣PowerColor
https://www.powercolor.com/product-detail124.htm	PowerColor Red Dragon Radeon™ RX 580 8GB GDDR5∣PowerColor
https://www.powercolor.com/product-detail130.htm	PowerColor Red Dragon Radeon™ RX 580 4GB GDDR5∣PowerColor
https://www.powercolor.com/product-detail126.htm	PowerColor Red Dragon Radeon™ RX 580 4GB GDDR5∣PowerColor
https://www.powercolor.com/product-detail137.htm	PowerColor Red Devil Radeon™ RX 570 4GB GDDR5∣PowerColor
https://www.powercolor.com/product-detail141.htm	PowerColor Red Dragon Radeon™ RX 570 8GB GDDR5∣PowerColor
https://www.powercolor.com/product-detail138.htm	PowerColor Red Dragon Radeon™ RX 570 8GB GDDR5∣PowerColor
https://www.powercolor.com/product-detail142.htm	PowerColor Red Dragon Radeon™ RX 570 4GB GDDR5∣PowerColor
https://www.powercolor.com/product-detail140.htm	PowerColor Red Dragon Radeon™ RX 570 4GB GDDR5∣PowerColor
https://www.powercolor.com/product-detail139.htm	PowerColor Red Dragon Radeon™ RX 570 4GB GDDR5∣PowerColor
https://www.powercolor.com/product-detail144.htm	PowerColor Red Dragon Radeon™ RX 560 16CU 4GB GDDR5 OC∣PowerColor
https://www.powercolor.com/product-detail146.htm	PowerColor Red Dragon Radeon™ RX 560 16CU 2GB GDDR5 OC V3∣PowerColor
https://www.powercolor.com/product-detail145.htm	PowerColor Red Dragon Radeon™ RX 560 16CU 2GB GDDR5 OC∣PowerColor
https://www.powercolor.com/product-detail147.htm	PowerColor Red Dragon Radeon™ RX 560 14CU 4GB GDDR5∣PowerColor
https://www.powercolor.com/product-detail149.htm	PowerColor Red Dragon Radeon™ RX 560 14CU 2GB GDDR5 V2∣PowerColor
https://www.powercolor.com/product-detail148.htm	PowerColor Red Dragon Radeon™ RX 560 14CU 2GB GDDR5∣PowerColor
https://www.powercolor.com/product-detail161.htm	PowerColor Red Dragon Radeon™ RX 550 4GB GDDR5∣PowerColor
https://www.powercolor.com/product-detail155.htm	PowerColor Red Dragon Radeon™ RX 550 4GB GDDR5∣PowerColor
https://www.powercolor.com/product-detail154.htm	PowerColor Red Dragon Radeon™ RX 550 4GB GDDR5∣PowerColor
https://www.powercolor.com/product-detail151.htm	PowerColor Red Dragon Radeon™ RX 550 4GB GDDR5∣PowerColor
https://www.powercolor.com/product-detail156.htm	PowerColor Red Dragon Radeon™ RX 550 4GB GDDR5 OC V3∣PowerColor
https://www.powercolor.com/product-detail159.htm	PowerColor Red Dragon Radeon™ RX 550 4GB GDDR5 Low Profile∣PowerColor
https://www.powercolor.com/product-detail152.htm	PowerColor Red Dragon Radeon™ RX 550 2GB GDDR5∣PowerColor
https://www.powercolor.com/product-detail158.htm	PowerColor Red Dragon Radeon™ RX 550 2GB GDDR5 OC V3∣PowerColor
https://www.powercolor.com/product-detail157.htm	PowerColor Red Dragon Radeon™ RX 550 2GB GDDR5 OC V2∣PowerColor
https://www.powercolor.com/product-detail150.htm	PowerColor Red Dragon Radeon™ RX 550 2GB GDDR5 Low Profile∣PowerColor
https://www.powercolor.com/product-detail153.htm	PowerColor Red Dragon Radeon™ 550 2GB 64BIT GDDR5∣PowerColor
https://www.powercolor.com/product-detail229.htm	AMD Radeon R7 240 2GB 64BIT GDDR5∣PowerColor
https://www.powercolor.com/product-detail228.htm	AMD Radeon R7 240 4GB 128BIT GDDR5∣PowerColor
https://www.powercolor.com/product-detail221.htm	(no title)
https://www.powercolor.com/product-detail200.htm	(no title)
https://www.powercolor.com/product-detail61.htm	Red Devil RX 7000 Series Devil Skin∣PowerColor
https://www.powercolor.com/product-detail60.htm	Red Devil RX 7000 Series Devil Skin∣PowerColor
https://www.powercolor.com/product-detail57.htm	PowerColor x Ducky One 2 SF RGB∣PowerColor
https://www.powercolor.com/product-detail54.htm	Red Devil RGB Mouse Pad∣PowerColor
https://www.powercolor.com/product-detail56.htm	PowerColor Red Devil Mouse Pad∣PowerColor
https://www.powercolor.com/product-detail58.htm	PowerColor Red Devil Gaming Mouse Pad∣PowerColor
https://www.powercolor.com/product-detail59.htm	PowerColor Graphics Card Holder∣PowerColor
https://www.powercolor.com/product-detail55.htm	POWERCOLOR 57 IN 1 DRIVER KIT∣PowerColor
https://www.powercolor.com/tw/product-detail231.htm	Red Devil Spectral White AMD Radeon™ RX 9070 XT 16GB GDDR6∣PowerColor
https://www.powercolor.com/tw/product-detail34.htm	Hellhound Sakura AMD Radeon™ RX 7800 XT 16GB GDDR6 Limited Edition∣PowerColor
https://www.powercolor.com/cn/product-detail231.htm	红魔 冰魄白 AMD Radeon™ RX 9070 XT 16GB GDDR6∣PowerColor
https://www.powercolor.com/cn/product-detail34.htm	暗黑犬 樱花春日 AMD Radeon™ RX 7800 XT 16GB GDDR6 Limited Edition∣PowerColor
